R_avg,G_avg,B_avg,Color_var,V_var,S_var,label
44.14709211,24.92235058,23.11127914,12307.55501,22635.94961,0.283509187,0
42.04276538,14.14477681,11.83161342,14382.45367,27451.21879,0.305891082,0
37.14407752,32.62553663,31.838437,10079.70282,23664.85404,0.208596148,0
32.91006307,36.42354312,38.28907852,10229.85801,24679.8779,0.060381804,0
39.22018935,39.73039842,36.11272189,14666.29698,24866.70762,0.118804514,0
11.04503219,8.490800564,7.369114703,12196.34745,13226.64905,0.071767363,0
22.93915763,22.5805774,22.36960647,9666.199543,17204.27917,0.012589594,0
46.94202617,38.02246909,36.31518142,11612.55319,30607.14075,0.209334709,0
17.50805668,18.76204103,20.46681445,15888.06599,19912.77516,0.053864198,0
38.56555155,15.23115782,13.03589908,12907.84608,23163.04412,0.279499276,0
46.32447085,37.14404406,36.98214205,6155.306444,26781.31652,0.291232067,0
30.18572787,26.27644386,22.97691525,16785.33964,25722.81723,0.117299757,0
30.09456834,30.99864936,31.05807024,13349.35547,18720.89893,0.008707464,0
14.67961103,17.55346397,20.25422479,8872.239316,13176.49374,0.132760412,0
46.64678289,38.30995823,32.63557609,10790.54571,22828.02795,0.053159395,0
41.83593462,37.66680431,36.00687314,12474.82784,29019.62841,0.194615437,0
26.84086005,25.53267563,24.63767013,16571.36613,17704.75541,0.049069283,0
27.17593271,25.8932082,28.38197641,13091.12313,24027.8993,0.257100954,0
46.40932895,45.23013355,44.46565706,10312.19477,24905.58698,0.270902903,0
39.17594574,40.18841555,38.54103007,10386.60984,18935.15442,0.077255102,0
33.61745163,27.69774882,26.77985997,13631.15782,20470.81014,0.062458794,0
43.29053542,36.75846403,36.81189832,8162.110812,19186.9661,0.206993422,0
28.56711736,24.58723634,24.48988643,15326.29506,19682.33701,0.07695492,0
32.51523511,4.323145085,6.27360586,12285.48391,21904.45251,0.353921462,0
17.37758164,8.044420604,6.845253705,11049.55551,20974.81333,0.327833101,0
4.627664059,3.232717244,2.60838423,13121.7891,16469.23821,0.165669141,0
41.13158906,25.29568293,23.93060856,17257.97204,26341.56136,0.106750127,0
34.88600426,1.570572678,1.811870417,5125.9221,15481.1014,0.476991256,0
30.55943976,26.23185987,24.91862537,14864.00534,20098.14844,0.05236882,0
34.6458317,39.94419363,36.26666955,7197.318731,24862.76696,0.183745526,0
40.18673545,32.58139527,29.92882096,13310.68231,24436.01341,0.301909949,0
34.12173227,29.41234081,27.18770545,14099.31927,22478.91652,0.064306487,0
36.70114314,29.67108083,27.70496844,13445.33484,23002.25817,0.083440217,0
41.94013311,20.06529491,16.73498062,16777.01383,25233.02686,0.205766567,0
30.93501494,28.11276825,27.38647291,8404.109738,18500.71933,0.194554944,0
35.70109778,34.6504173,23.11456902,9348.32419,25003.06989,0.192045594,0
44.04459864,34.92603701,33.32154972,6667.954362,25434.01196,0.133313759,0
32.26830069,27.07537868,26.58289736,12287.2206,22107.78386,0.05100808,0
33.38875715,18.25226758,15.10748522,16316.54742,25019.4748,0.249573552,0
36.67028924,34.58716025,33.38297146,11958.17169,23160.38823,0.049034963,0
35.21039302,25.2597419,24.81352584,13154.38312,23462.36409,0.206874492,0
30.25349965,25.65168416,22.59504978,14068.24534,24744.71309,0.154539872,0
44.74465135,17.86469101,17.57179644,9563.891509,28365.76772,0.281458879,0
31.35267861,37.75635722,33.16899307,6510.286459,24727.16641,0.135509213,0
35.1229001,37.01669247,33.62960733,12999.20906,20030.60862,0.129783024,0
7.777501352,7.872904273,7.526771228,13269.52262,22953.24825,0.113803244,0
33.23969713,28.83190914,30.31357491,2244.860835,28843.04892,0.199806318,0
39.39762034,36.83645214,37.75240671,11991.36147,27083.39955,0.178832968,0
40.71693536,26.04101994,25.25166965,14193.25262,22808.93238,0.188729133,0
38.82942318,35.39065651,34.06650325,14608.04682,23446.29883,0.047986735,0
39.53277813,36.38054876,36.10337661,12073.94486,25029.31367,0.116147659,0
36.53232935,34.4345402,33.03279836,16406.94975,18883.33742,0.077097206,0
28.50519174,29.80007156,28.50510315,13608.60122,17577.9057,0.037886316,0
44.6403517,40.80213252,36.582902,8658.025181,27971.64555,0.256530165,0
22.47340595,20.04906412,18.42582986,19979.13553,23572.10924,0.041463972,0
40.37070883,37.56242299,30.76295017,13831.29461,21896.71658,0.070771784,0
14.44060468,29.482227,29.55265508,10392.62561,27279.73601,0.200053668,0
24.18408741,13.98286088,17.68707913,12224.18544,18406.96729,0.25009813,0
15.59551524,34.69899577,18.91294988,12809.43256,27758.95108,0.322155586,0
28.85266052,30.03837956,35.01394122,11764.67638,24486.23928,0.281820193,0
34.40282302,33.61837351,33.88918475,14287.2288,15404.41499,0.002778219,0
21.40355546,22.07005877,19.24060348,15019.31234,20326.32409,0.074719574,0
41.42881795,32.23354377,28.08785498,17272.62045,23529.76795,0.224496989,0
39.28512546,32.93245539,33.6771734,12451.55578,16447.07018,0.29164232,0
36.79819382,34.18236327,32.08264918,11770.03892,16942.91297,0.08504008,0
46.12087037,33.86938272,26.99340741,12005.18953,30462.03968,0.145001414,0
28.16342444,26.63399882,25.78023782,16040.50781,22117.17351,0.031808094,0
29.21803973,27.21349471,26.62998361,17876.38178,17038.18064,0.067943876,0
16.1598026,14.06373263,14.94063965,16533.23609,18326.39047,0.13149512,0
41.11335273,29.44207783,29.28700381,7012.175267,26832.5254,0.238580493,0
41.80378583,41.80378583,41.80378583,12043.50336,16703.01825,0,0
36.15356835,28.67719276,27.77631432,15362.30688,21721.55902,0.155098479,0
45.36882671,40.86450287,42.01280494,9390.893775,27326.52633,0.2692139,0
36.96969126,31.18098153,26.82511536,14416.34507,25773.08917,0.298929186,0
43.8790491,16.04740269,16.66022368,6435.852326,30336.46583,0.34685927,0
44.73648425,28.8102182,22.57752051,9830.134717,28134.12986,0.330010142,0
37.10582122,22.02770938,10.57971107,13729.57485,31509.5955,0.24351323,0
25.19793736,23.65500423,24.13671193,16274.17679,21606.26028,0.004066333,0
43.02938474,30.78666603,31.0149139,10204.97752,26048.31161,0.228611576,0
23.91669066,33.45956459,25.10753709,14379.5354,26715.29274,0.263503971,0
36.89483778,36.00484943,34.63175301,12338.13289,22702.5756,0.130225916,0
41.14431356,17.69679267,16.06667374,14449.73624,27522.21602,0.305806996,0
42.09687085,22.72597222,23.02596984,13809.865,25840.06263,0.222796896,0
43.20175687,39.64441263,33.52001729,11863.11075,27290.94936,0.362967011,0
6.564633199,20.4875295,32.10457482,9098.848876,23255.43781,0.356875098,0
38.83551029,35.05257613,32.72292593,15282.50931,24924.94712,0.150933997,0
46.20293028,40.25234199,30.19761878,11090.93099,28059.92289,0.260581412,0
20.37261018,22.25338356,23.36134303,18138.42151,16846.37893,0.078698174,0
31.30088254,21.68480313,19.79192642,11559.00745,17994.78627,0.21756739,0
19.62561815,15.65623667,16.12707441,17457.63247,26404.49895,0.239047367,0
13.79319898,12.45756056,12.0402831,20554.61279,16654.39845,0.054844912,0
25.52879036,22.61346881,21.13073873,17051.17088,21015.89829,0.069249121,0
42.45244916,40.70408419,40.60381797,14115.75645,19135.89742,0.04903861,0
35.23968811,17.16709323,15.53186517,13357.18575,26567.8537,0.107197455,0
44.77558025,39.58782716,38.94333951,11319.60742,19068.20128,0.388276136,0
28.97095339,25.84535004,27.96093563,13018.02404,22761.09844,0.244616727,0
23.36673502,17.0662844,14.92624522,13348.58461,24602.76734,0.236804756,0
34.62188271,21.52487503,24.23551125,14316.19941,21095.51977,0.10831699,0
46.19154912,43.13420306,43.36836973,10725.28765,20570.2608,0.168953128,0
38.1731043,19.04396703,9.711350605,7559.037903,24226.51707,0.386924455,0
43.22994388,40.07470353,39.15398906,10523.20468,19139.33098,0.206557373,0
44.81171,24.27425857,21.05143826,14020.01263,26063.25768,0.122313597,0
38.90782188,32.13262428,30.65680801,10600.87434,23260.15747,0.234570732,0
30.727437,27.21585022,24.81804705,10654.27193,21723.75239,0.226945763,0
37.17025889,24.18788049,23.13134377,14622.31876,24636.06342,0.081660707,0
32.42780853,19.7374008,23.58111766,8662.061843,33187.80593,0.25672767,0
41.22859271,37.78023947,37.97202942,13757.89207,24936.40776,0.199239066,0
6.644735563,25.13876144,19.23898344,9847.244296,22466.06219,0.267290948,0
41.15365356,28.62869977,29.45716271,13478.30085,27116.37434,0.167119345,0
31.53005368,28.64873078,23.96005696,12631.08972,25906.33634,0.151900405,0
38.33434847,29.54746733,26.1494021,9980.036245,23774.17439,0.166301668,0
20.28646475,20.85970636,18.39000626,16392.72848,20586.556,0.095730725,0
41.40758131,31.83630081,24.20150434,13477.9197,24268.49522,0.2348887,0
32.5447637,17.28411492,14.61754948,8631.160015,18289.15277,0.291126867,0
35.29660086,30.12755498,31.38482117,15486.02701,21108.76814,0.129247429,0
41.83478667,40.51523698,40.46047699,13595.93453,21900.19858,0.029009863,0
28.32244898,23.5217813,23.80157364,13625.26289,15914.86844,0.056799527,0
35.5931938,32.66114306,31.08195379,9357.799198,19468.01051,0.050487257,0
39.51377719,32.70901545,33.35498858,12439.16701,19804.64651,0.081493979,0
44.20927492,37.01738441,36.47888664,12152.41452,21588.15535,0.312230699,0
35.8712538,36.28746286,37.56057032,10966.80424,24848.56446,0.141641811,0
36.65296264,27.71999096,28.74711461,10612.77831,27456.66775,0.228763499,0
46.45325944,25.0184598,23.28533338,5277.751713,33844.75017,0.213559373,0
39.26180798,33.45348043,31.52715848,8582.168804,25640.95972,0.087098702,0
45.76695204,45.69880714,45.77937316,14977.00119,19199.03289,0.01686743,0
47.77333728,47.07961353,47.23831608,8125.834507,18935.61207,0.172136551,0
39.38484218,36.99249816,35.42167557,13497.52406,20645.49269,0.108030004,0
43.67751044,30.97446857,33.5232842,6664.737937,30455.18564,0.283693779,0
41.7626114,35.09079997,32.81313556,11876.96367,21636.97059,0.361487022,0
34.25058954,30.52325845,28.95358824,15554.02923,25176.35526,0.112882345,0
35.77433419,30.89701882,29.72196462,12658.88628,24581.35615,0.227203998,0
46.99309665,45.24909665,45.11980671,12229.63043,17774.12331,0.249261481,0
44.69613275,40.79993775,39.9079369,6215.272593,29050.0226,0.175085453,0
12.45634482,11.62242658,12.37484478,21480.72772,17702.14407,0.061149209,0
34.16050896,32.61851283,27.14593274,9754.27651,24988.91676,0.122341012,0
38.99226484,32.77552994,32.65220875,12225.01065,21164.76487,0.216190585,0
44.31717764,40.54069732,39.51989512,8277.621214,29566.42152,0.133695808,0
43.29053542,36.75846403,36.81189832,8102.767366,19259.45087,0.209094411,0
38.09814755,27.71896833,30.85775141,13953.62597,25630.84299,0.212613767,0
30.82486291,30.62085223,32.17202517,10234.40474,24122.36928,0.273377912,0
42.31515751,38.80971484,40.97771165,4808.689282,30786.66648,0.216857666,0
30.146627,27.88163088,25.8745628,7302.216041,22115.44549,0.285018351,0
31.08818387,30.80717128,29.72237329,16190.73579,18077.4877,0.003419785,0
48.37482365,29.01691895,27.58745914,5660.381391,30768.03279,0.189462302,0
41.78018806,34.40539189,34.34297403,11261.36449,20719.28632,0.205934098,0
36.29776017,30.89481735,27.5926291,9496.189465,25658.68686,0.108425567,0
30.39617626,17.05119211,10.52751222,15214.98948,28058.71296,0.417576026,0
41.11675233,29.43452019,29.23734403,13524.90101,20613.97587,0.246310595,0
43.18266114,27.01168481,27.06122172,12059.04807,23805.23631,0.188848984,0
34.79927014,30.68364154,27.94116662,13872.31437,20966.33119,0.124851999,0
34.45491246,28.97082778,26.64065812,14860.71176,23404.00948,0.094028967,0
39.07154277,35.39180463,35.70773841,12628.75932,22879.90054,0.150401691,0
36.30628994,28.57068895,26.77930254,16906.87129,23999.76476,0.288476693,0
39.92837439,16.07418084,18.34880027,12635.15291,26727.68439,0.089522624,0
38.76333153,33.44023797,33.64791779,11794.66027,26442.71455,0.185958631,0
47.31341035,23.37237569,19.32778934,5977.779122,28921.77144,0.244669015,0
42.93937256,41.09892868,40.22844788,13004.02096,21374.5118,0.136310338,0
28.47131088,24.8915608,24.51802716,17835.30462,20436.92114,0.058908098,0
30.1994814,22.54261266,19.93016885,14072.74596,17312.72492,0.177438672,0
35.67202969,40.79690064,31.1095278,12425.96542,21849.14126,0.27334467,0
16.5139272,17.67485844,20.68560718,5404.04601,28043.17031,0.274729973,0
40.96462722,37.50063511,33.53196055,12920.65529,18129.12087,0.297560238,0
45.44162917,34.5204539,34.68079593,7039.885349,29295.9363,0.390177686,0
32.5563893,27.96763418,27.39839443,16116.89989,17936.67696,0.170065882,0
30.97504649,25.57969754,22.51509696,16164.13569,17967.3556,0.202680828,0
44.69355354,41.28909726,38.00075469,9178.863636,26408.76088,0.22011154,0
49.082415,42.580835,42.580835,4246.798406,38049.67803,0.114222479,0
44.7325713,16.55662275,12.84562968,6757.704613,31457.93887,0.362697985,0
45.84510093,35.60876497,18.33039159,11279.26298,27813.86955,0.189224995,0
30.20400427,26.93632034,28.20345423,9856.418431,26348.81455,0.146264891,0
41.32898412,40.30532993,40.4934372,13801.79347,19218.88843,0.129232177,0
24.54363272,26.07993123,24.18500577,8334.205593,22039.71246,0.12209648,0
30.94676518,28.13686505,27.66241356,13193.01912,21006.52355,0.143978496,0
35.39055549,34.57477248,32.99086873,13731.59449,21137.86413,0.020287911,0
31.06730174,30.06609061,29.92804135,11175.6913,20022.25195,0.00312791,0
43.88668304,37.11164784,38.00479057,12548.55989,26380.68962,0.127911868,0
35.65693851,27.78210593,21.60550876,10208.09149,20176.11939,0.25034686,0
45.91081349,42.55327778,42.91180159,7522.81792,27331.32632,0.082169098,0
20.63771653,27.30303108,42.03188786,6231.25514,21777.43124,0.161048767,0
28.08565728,28.06736593,31.47050667,13614.76993,25451.02322,0.271436168,0
30.87200542,28.46683951,27.58263687,17118.85451,19800.73165,0.039272018,0
36.33977617,31.10041979,29.84862038,10998.11547,25615.89398,0.26038952,0
46.24375499,43.94008552,44.52562798,10222.01956,22663.03627,0.138256008,0
29.35610298,35.17779913,36.56622785,11327.21969,27201.9629,0.180271182,0
34.41446221,32.15911362,29.91790343,15393.81168,22140.26207,0.024435367,0
30.84316781,27.63828755,25.61739307,7962.842626,19120.48672,0.043577626,0
27.38310136,36.6163575,44.58597837,11192.7941,23195.79574,0.167812355,0
37.89880325,37.22314826,38.48875616,13639.97863,19163.85106,0.018491365,0
14.47155865,16.64639052,14.24964081,6367.561024,16704.58555,0.208115882,0
29.7491524,26.68341966,25.17312227,9224.733411,12031.89873,0.124488812,0
31.05623502,28.12282673,25.16044292,9771.731211,17251.30186,0.027727472,0
45.03439697,44.29734992,42.74732288,5947.257972,25561.27328,0.070067316,0
32.56660598,28.04831981,28.04433406,14918.67125,22140.9024,0.183700275,0
33.83941001,32.44337541,30.01576254,8892.572611,18309.45698,0.107636674,0
27.29373529,32.38157264,34.91352624,10000.04697,21088.18023,0.124962181,0
31.21397619,29.70589066,27.53676229,11183.09943,20834.08435,0.118982544,0
23.20584671,21.54285425,19.95070221,11963.69335,14447.63381,0.016351698,0
37.04689173,13.85981556,14.9622341,11798.82327,30644.81127,0.272497934,0
35.62528816,30.21609436,27.94671342,14517.33151,28352.87295,0.364321102,0
40.89395254,38.01398061,38.06014631,14534.1478,20345.24861,0.174700461,0
44.6187703,18.8910003,19.27119843,11221.13452,28980.27479,0.189674013,0
32.26093784,38.38704912,39.21185419,10643.93653,22870.1136,0.124830416,0
38.59138813,33.09865971,30.67574398,15052.96919,27932.41664,0.186763987,0
26.13388769,30.95879265,29.25544969,6180.748733,21297.27299,0.188350751,0
36.38369585,27.65640269,26.66566911,8992.936764,24898.38895,0.282692121,0
17.24321382,24.03725985,27.16642184,10011.84078,22525.40081,0.243195734,0
20.27456279,37.95262931,32.83246395,7881.729794,26014.86697,0.265575983,0
28.72801003,18.34581475,24.8641676,9544.178874,29615.17575,0.273224471,0
41.32122568,30.95423108,33.21342266,6511.109404,26998.15987,0.132092697,0
34.69558389,34.10794814,34.01887079,13740.1147,20426.55542,0.113674258,0
42.60081821,41.72257727,41.3932833,14166.34921,21931.30629,0.065430542,0
32.75177993,30.06256468,22.16924627,8024.860974,20420.14544,0.070704149,0
26.19688834,17.16576902,17.85761039,16877.74461,19176.12063,0.166916911,0
30.64475315,16.68904582,16.68010517,6445.086094,20272.40322,0.182074552,0
46.09902408,44.1451981,36.65380764,12418.0042,20994.50059,0.205104775,0
43.69587985,42.72342143,42.39276929,12475.9182,19464.77396,0.155390754,0
47.96289152,45.20931755,40.554643,9101.773022,28106.95386,0.44190528,0
45.45945073,28.05292995,24.61027813,9006.116327,29863.44879,0.33407212,0
27.40320367,22.62224112,12.49880254,7873.581726,19724.73095,0.225506539,0
30.34590636,28.65361858,21.23201043,7675.448601,23298.28317,0.18764179,0
41.85217633,38.32486455,35.79008713,5427.755622,27230.3669,0.140979839,0
43.65084073,38.14370893,36.64597925,12879.57517,23117.12807,0.121136718,0
34.25775188,29.93738342,24.22378835,14293.59051,21188.53092,0.198107396,0
45.3400121,43.91151009,43.46926059,9323.636046,24666.3753,0.221870767,0
18.69313118,11.19790375,9.445924947,21344.89404,20693.85509,0.224547423,0
30.62239712,28.06150694,25.1466141,9451.072302,21999.10689,0.212199666,0
38.3188005,33.83826128,31.40271026,11105.47541,19510.89976,0.19762027,0
21.00890906,29.07911768,31.58324523,6569.863254,19913.93988,0.271138899,0
24.04762933,14.88833494,10.44923864,15747.73176,24654.13723,0.296133018,0
17.92688071,17.43913779,11.75493448,9764.911337,12617.14955,0.089015217,0
36.60923978,35.55475626,34.89349656,10640.05026,18366.94866,0.004293119,0
27.79423999,35.38216607,32.80498957,6413.715426,22065.54955,0.164117129,0
33.24012038,22.61494327,22.3134935,13295.01932,21955.64791,0.149736019,0
43.29053542,36.75846403,36.81189832,8102.767366,19259.45087,0.209094411,0
43.456,45.3363642,46.12664198,6648.799133,28940.65884,0.176296718,0
38.66381044,35.51427343,34.52538134,15024.85772,22746.42291,0.129793721,0
32.02236623,34.28996434,35.91058645,12499.62673,20752.29506,0.032977291,0
45.65747136,38.26594383,37.35212732,10821.41954,25044.75387,0.191546684,0
42.48402936,39.4858676,38.26350192,8566.750553,20964.85223,0.136267691,0
33.18867863,35.47718422,30.71101552,14572.31295,19514.798,0.075613374,0
25.70915962,33.07699113,27.25631454,10471.53848,20514.81645,0.089727977,0
30.24579999,27.34849026,21.38726168,14257.62498,22867.92911,0.157167116,0
46.74946,46.73772,46.73616,15725.79275,17451.64644,0.000261703,0
42.03496623,39.43910771,38.34811978,14712.68666,22424.82354,0.062302428,0
33.23969713,28.83190914,30.31357491,2244.860835,28843.04892,0.199806318,0
38.73560071,33.42653275,33.64535425,11761.33057,26438.71167,0.186107067,0
28.57359115,22.37194188,16.6185151,8767.994675,17722.58952,0.253492015,0
19.05146074,13.07406664,12.06641843,17895.41649,18911.82562,0.114903759,0
28.8367517,29.07055393,31.51611423,13490.14586,23780.09652,0.144905084,0
30.2638436,22.55476527,19.86377532,10750.07461,17988.24962,0.133732545,0
25.77637229,32.99731261,34.39753524,7287.791311,22504.41884,0.069951544,1
24.66228145,23.00453525,21.58317904,13053.69617,23987.59001,0.086649768,1
22.9177679,40.11723724,44.43993059,9575.073754,26672.21421,0.178045793,1
27.03187714,30.42289614,35.13475417,12622.95398,19535.93274,0.217151534,1
23.24291275,30.12624389,32.94176271,15190.7611,21599.9499,0.17757982,1
26.98040943,31.40755811,34.03966215,6287.12237,26391.23942,0.20330602,1
22.67244054,33.33773927,33.15716207,8638.080008,22414.14661,0.18003791,1
24.44060265,32.13358859,36.12746449,11282.24862,18308.57185,0.082581599,1
25.20795067,25.07417455,29.01539586,16464.60268,21567.92966,0.062120916,1
25.55459344,27.59760971,25.14968075,10373.06348,19120.92411,0.020381654,1
12.93177659,18.233641,27.79270382,11059.1693,20374.40121,0.249125761,1
27.99208362,32.2138879,32.9189534,10027.68441,20612.97097,0.107209563,1
26.81853103,35.76286814,40.4144211,4339.882939,23571.03096,0.268466591,1
28.52489107,37.11338496,36.83090091,9925.607951,22371.90612,0.202361687,1
32.92570833,35.20495955,37.391232,2993.185078,22663.08805,0.17719499,1
23.62599427,36.79427886,44.79082562,4097.825049,34005.23998,0.226664406,1
41.92904005,41.68649178,41.70849777,2246.415354,31301.09466,0.010536513,1
17.22063286,22.76130971,28.7200676,14194.3458,21010.55431,0.173209767,1
27.87939034,20.10502636,20.64392354,12972.07807,24010.01327,0.130869199,1
24.16966161,31.23573001,33.27418495,12767.55005,20257.86567,0.112221642,1
32.63562735,34.54099235,35.03495977,11010.64123,22424.04838,0.148501262,1
34.70299004,39.69073546,42.10664918,7090.36381,23413.9244,0.23027161,1
29.41463834,22.86842328,21.97829122,15255.08964,23568.01523,0.05811,1
23.27213227,30.30726996,34.9360791,15318.57705,21723.19396,0.100928168,1
26.91133812,20.68556182,26.20613061,12909.40429,21704.52262,0.071122132,1
40.20745796,33.0083719,34.38083643,3931.232218,28654.11855,0.023147136,1
35.13215358,33.62045028,34.35139365,7600.875251,22465.99458,0.002381201,1
32.71986734,29.19319071,31.61662365,12937.09054,17460.71645,0.120864432,1
19.35776477,28.69403364,36.11639641,8831.738927,25557.46262,0.275501504,1
25.24076281,29.72000899,33.5860193,14665.9149,21851.09452,0.073914809,1
35.20567999,42.55770642,41.14155426,6286.959275,26946.92398,0.114807265,1
14.44117236,26.69336131,33.94988222,6860.723147,23668.70962,0.236382581,1
19.73527138,28.13378353,37.18102923,7652.558387,26020.68516,0.191164006,1
25.55797201,28.77489741,31.48669445,4807.532843,15165.52224,0.207420001,1
25.59125598,30.55762407,33.05135177,10260.6907,19701.11408,0.077108133,1
25.13473365,29.37779238,33.77533368,7743.731289,17462.82201,0.124036951,1
17.23487638,32.40814603,43.02383407,7093.424913,34286.51504,0.252963482,1
30.98770001,26.66317466,22.41261406,11779.19907,19402.99058,0.097933351,1
28.54644145,29.50854204,28.89742127,6573.241663,20624.2855,0.138115299,1
31.30282607,39.51651217,41.27251121,5199.446285,30216.5546,0.137489212,1
28.83502769,30.07833384,35.22532914,10364.36563,21608.56129,0.030302177,1
24.40041778,23.01544862,19.36413984,14096.4223,22227.96336,0.051377765,1
27.8272367,28.11071608,36.08961111,10037.49404,23919.75684,0.110155426,1
15.29371857,27.25875799,31.2348924,12037.85642,19715.65707,0.16600254,1
13.41151362,29.76144323,37.08932873,8972.011305,27279.37502,0.316094876,1
32.1453606,30.89317079,28.20816712,13621.57085,23578.81588,0.081674684,1
37.34731035,36.84096515,36.123222,10144.56268,19549.2862,0.146438646,1
41.92759411,37.42436489,30.93658252,8282.951335,27679.44898,0.052027137,1
20.19667729,26.49151356,29.09166108,13966.14803,20369.66152,0.146623793,1
23.76302289,25.77798108,32.89830132,9966.318801,18993.98546,0.154539947,1
35.61665739,37.31159409,37.4498871,7256.774212,25026.7125,0.156811497,1
39.04244399,39.98866224,41.0821079,5445.179649,28945.05525,0.136348463,1
24.4244968,32.03087377,31.35604293,10676.16105,21662.87201,0.072728392,1
22.00760106,29.59461438,31.62706376,10204.51746,24574.11141,0.166114581,1
21.8362782,21.55448653,21.00054253,14624.25051,21190.02776,0.023083882,1
25.20884117,26.44874861,26.65837551,13167.12008,19896.08731,0.006335353,1
14.77086662,23.67196461,25.4061192,15019.88862,19801.41831,0.262164905,1
20.63892741,29.34345692,29.88809778,12274.75504,16791.77369,0.175661871,1
31.67402832,29.7438583,28.43986242,12198.50811,22904.48202,0.021900734,1
38.86590122,34.11603049,29.9867504,10310.06706,24411.00175,0.064502096,1
24.96967353,30.25392506,33.50739556,13623.10339,28053.43057,0.186092895,1
39.32540397,34.60925973,32.82728791,7991.257702,26226.55256,0.033810306,1
24.68876055,38.4436116,45.88874796,3243.651648,35123.51488,0.186291978,1
22.43206128,22.29026684,27.12777878,15639.3554,18279.94226,0.061934371,1
27.0421276,29.53740172,32.08478069,13397.99737,19616.61217,0.067532304,1
28.7647918,26.52936889,22.295856,14458.19283,21220.10825,0.049124542,1
19.42747096,28.32335691,33.64787231,9957.078221,26316.78023,0.15633715,1
29.79640324,24.93575426,20.48459218,10989.52539,25059.03261,0.081188168,1
24.19287071,31.25970126,35.46621706,14958.68756,22760.90183,0.089218701,1
41.2801975,42.20846189,43.22682442,5496.828477,28680.96016,0.039151146,1
16.87683213,25.70685377,34.65108123,11383.10608,26295.49401,0.212061254,1
36.77425671,37.15159552,40.75825334,9497.026017,21884.10842,0.111933783,1
16.08525478,32.45951041,41.09403508,3765.145721,27169.06768,0.280896305,1
19.39674259,27.40364228,32.20642276,12352.36925,23409.45559,0.193460815,1
24.27644029,28.61471736,36.69361679,7905.0215,25022.53843,0.166370362,1
31.73901546,33.75035837,35.00537577,7557.447367,24174.06773,0.01214782,1
36.80534115,37.46249301,40.26982444,6704.258102,23587.39359,0.037700463,1
38.58402336,39.1621635,39.46095542,14881.57945,20317.63904,0.193741833,1
24.65909028,27.64718851,31.07361219,11105.88398,22828.92549,0.059234525,1
18.71485958,31.92182499,39.44937755,16614.88493,24898.34853,0.270577677,1
26.0868494,30.34384507,33.88387174,8623.219505,21379.53621,0.102783005,1
28.23210545,25.97203271,24.74292334,16126.35812,21119.43929,0.047822674,1
29.0754722,20.87418283,19.40330663,18052.67223,25156.29661,0.098451264,1
32.89074162,37.28373936,42.22731714,7415.065523,26794.41307,0.045947022,1
31.85115314,37.15033172,40.55442951,4080.243998,30978.91738,0.202226234,1
37.95681564,41.50344153,43.23758275,4808.99928,28484.35871,0.143812855,1
18.08372191,28.01525771,36.52348483,10147.19634,27290.01953,0.233403839,1
22.38452127,31.34117407,33.12475714,12112.93535,19470.65841,0.198195373,1
34.85875591,37.03514049,38.60160956,8587.48293,23438.77319,0.019288233,1
37.30649732,39.44104808,41.20510436,14358.78303,25014.34626,0.01005952,1
25.48235777,32.51199504,36.90974026,5542.231383,28481.90612,0.20288362,1
29.17633261,32.01065062,34.79035444,12634.71332,23425.51198,0.065766414,1
30.51674592,21.92165041,17.09130094,15349.64485,25217.25815,0.266971695,1
18.69300932,27.05471278,28.92635283,14000.78744,23424.82244,0.16533159,1
43.9471842,47.64778667,48.02552889,2776.456616,31214.37407,0.199567538,1
27.67495057,33.67552958,39.61410124,7320.736211,26985.84208,0.11833888,1
33.44683378,32.05025555,29.16186542,14487.53316,23798.48354,0.078047122,1
34.80466542,37.82553677,41.88302503,5419.073465,28661.56898,0.030577613,1
24.81049175,32.02129001,36.25984677,4628.159266,16527.46337,0.055104756,1
26.69676514,31.89186397,34.95100222,7438.862918,25957.70265,0.18777359,1
22.76765612,26.36089756,30.09336038,10880.17501,21474.82136,0.048918031,1
22.59347615,29.27578425,35.67907946,9000.138099,26702.26145,0.186720233,1
31.86928192,35.1049052,40.51059766,5724.340315,27055.30081,0.101393838,1
32.2934829,28.50974193,24.95857981,13480.05206,20002.81696,0.186404088,1
24.28751952,25.06982295,28.14994988,7618.99592,17930.07759,0.02077738,1
16.26365076,25.50003033,32.30348969,13076.55937,22346.2471,0.204494047,1
27.405323,36.08207277,41.10865751,7684.701264,27954.11295,0.235691019,1
29.89871651,39.12741238,42.57111396,3422.83659,33758.56737,0.073854921,1
23.50759381,29.5772772,32.60521396,11761.13859,26966.30046,0.152958241,1
38.3160187,41.47818615,42.53202271,5673.909664,27414.07385,0.023533116,1
40.99411597,38.38730894,41.10956632,5230.06115,28009.36397,0.036308317,1
21.63696099,37.43191467,42.35749182,4926.406163,30192.82338,0.201928038,1
17.66805475,27.6122542,30.29380769,11350.05025,25371.00771,0.152373232,1
43.37662705,42.87856627,43.42450923,3178.513271,26875.51527,0.00290737,1
24.07847661,25.88015517,26.4792498,17103.5772,18283.53517,0.042768149,1
31.08312607,28.73478305,25.541609,11609.12885,22809.58333,0.022395358,1
12.77247158,18.86339744,23.45313995,9971.371708,15585.2861,0.179983261,1
25.61670214,28.71965773,32.11327919,8723.796479,21942.22036,0.160696047,1
31.48492519,31.69421797,30.1095876,8834.421479,21121.36966,0.042152796,1
38.18543478,46.03701627,42.86160876,1851.947432,34448.74335,0.019030476,1
23.98357437,21.56665601,24.54310591,13736.20345,17078.46312,0.030452385,1
29.73079236,28.98479331,23.62991355,8908.331968,22369.60008,0.096983123,1
21.08121814,23.67150252,28.32252174,16738.40942,21624.7312,0.062084911,1
34.39400876,37.98019158,40.33457373,4119.23302,27264.21827,0.05074937,1
32.0304762,38.05659766,38.14978537,2702.358276,26080.31205,0.156212635,1
36.70150594,36.89685941,40.20730792,11510.94346,23859.13199,0.099085834,1
18.30767648,19.10667248,21.37823774,15646.26436,17477.46035,0.012622001,1
22.83273736,34.9398045,42.10470128,8991.358873,28760.37562,0.285496168,1
25.99089326,29.6392288,29.82761171,11434.62889,18256.03048,0.023418564,1
18.17557308,23.07584486,26.14753154,15925.653,18660.89077,0.178702285,1
29.83574263,29.60503185,37.17066617,14113.81241,23176.00706,0.049648726,1
28.63817063,28.88527901,29.11745103,16334.22873,17100.90113,0.028401735,1
27.85958737,27.11991113,26.19082649,15586.3919,22043.13018,0.035055193,1
29.04966264,26.79828446,24.34195647,14217.24702,18583.20464,0.05733144,1
18.74598475,25.1628206,33.24925772,13908.69998,22138.932,0.144255673,1
42.52252449,43.90273251,44.28403865,7890.858155,25318.79331,0.031068286,1
18.23481161,23.86020101,25.69309252,16406.12084,21485.16719,0.204817426,1
25.72062673,27.37929371,30.1997209,13025.41365,22051.23533,0.069241197,1
21.37852218,25.49023261,29.01917355,16369.22708,21048.44782,0.066979663,1
32.1173054,39.32326947,37.30565486,4709.471532,30440.23985,0.10994963,1
13.04912644,21.71489973,29.86636971,11170.70525,22404.10771,0.217596463,1
31.36490264,30.64471,30.75627498,16417.32829,17650.18437,0.036849297,1
26.88041908,36.83099267,33.9085411,9298.943206,25857.0933,0.193189267,1
22.83305621,22.84787673,29.88428327,16737.63682,25088.58692,0.1049966,1
21.89013959,24.325258,27.93325165,11249.21993,15986.66358,0.058067056,1
21.49300973,33.42068313,35.53956532,10951.01009,19162.23394,0.315717024,1
24.73369445,26.45252711,28.3458745,15690.52207,22173.34728,0.032040143,1
30.7178898,30.6158863,28.8790047,15550.7451,17340.79312,0.014096416,1
25.2587856,25.41829155,29.42104512,10148.38992,20957.4386,0.027199925,1
32.56977199,29.8945629,28.36904432,10857.45606,24607.74679,0.065298703,1
31.5557439,31.20844723,32.74358723,6681.34287,20989.78096,0.176007355,1
12.10627862,16.56417247,20.87171873,15631.06275,20358.1471,0.191876599,1
38.35344412,37.02064906,43.15962585,8815.659903,25097.47591,0.027237558,1
33.13712456,34.89277,37.52087523,3677.101939,19589.79989,0.067443164,1
15.08703003,22.04440661,30.77319887,14121.83345,19993.41882,0.279190444,1
21.16740795,19.6602834,18.61377673,15412.02687,23083.95688,0.031242241,1
16.12504386,21.53029053,34.33395825,16660.23465,23876.81543,0.239322516,1
23.95020355,35.53096319,39.95896652,6652.940559,30248.43988,0.231313047,1
38.14848191,41.12890145,42.23758471,2324.795728,30990.11284,0.021366394,1
38.48757948,40.07844104,41.7556331,2889.255318,25856.30367,0.034160337,1
23.82946978,28.02034572,25.79305958,9880.265497,12757.76269,0.058665078,1
32.53885706,37.19774919,38.21069655,12611.95303,16834.08323,0.045293701,1
26.94741071,29.44422415,35.11341482,4488.779469,24172.54284,0.085418646,1
22.30554323,26.12588522,27.66342534,17210.41298,26858.77348,0.036649063,1
21.92817304,26.65138871,32.52549339,15748.10498,27265.03085,0.123240031,1
30.29947077,27.48307262,23.83311495,9203.745073,19109.8318,0.059598105,1
28.94074683,32.17204014,34.19593194,6587.016844,27772.91058,0.056032724,1
30.82803528,31.31345056,30.67210443,16229.38366,18833.79371,0.0208286,1
28.57622659,37.41392286,41.86886777,5028.704716,26883.25494,0.269852543,1
34.70809711,32.54623031,32.78845746,10367.71743,26644.26617,0.05535948,1
27.98261314,29.25499788,31.39929816,13136.32908,20931.19161,0.041899954,1
27.38633881,27.83353681,27.8972047,15152.77573,19926.04924,0.028945655,1
38.42127615,29.57848742,29.8937874,11683.4775,24206.9338,0.042952111,1
36.58162444,38.40029379,39.13840537,7797.141466,21583.37357,0.065336031,1
20.9431488,30.82510252,40.31515521,10827.72201,30112.39725,0.227633227,1
19.82444701,28.21177934,31.09515839,10841.89788,20643.08598,0.185497575,1
20.10686611,25.99010204,28.27604769,16512.88292,23271.22842,0.084062451,1
20.20353076,23.4929595,26.61551606,14984.68177,22271.139,0.189958678,1
26.4958047,25.75655109,27.34084297,15184.87854,21593.59924,0.015828524,1
39.62391312,43.50161596,43.78742231,11999.56946,21970.94453,0.039781262,1
37.76936181,37.48866097,35.72087693,10189.08309,20144.87588,0.038060371,1
30.01074464,39.66062451,38.13292334,8009.938822,23278.98441,0.170224975,1
26.2081528,38.65655284,44.32920155,8476.118474,28089.3986,0.275747715,1
28.46076725,30.19750724,31.65815128,11235.02098,17867.40965,0.043679659,1
23.80163914,30.41242105,33.05677641,12482.85772,25408.37864,0.121796545,1
18.71609469,24.77262786,32.04161947,13600.16187,23416.53041,0.119806592,1
22.09353056,29.80773501,28.51052953,17896.8308,20245.38942,0.127029567,1
7.1293575,29.58905673,33.08941528,6633.757315,20246.95801,0.267649188,1
36.50989304,39.86471319,43.41671799,2885.296495,30879.48507,0.045415022,1
31.75647813,33.85722615,31.99552776,6353.328783,23312.04057,0.158981363,1
30.46324939,32.17184545,33.3443283,10610.90194,23119.81476,0.111231163,1
34.67308211,34.22102401,33.29439957,10007.11342,19130.18318,0.052609968,1
17.2385107,17.15361893,17.83393357,3783.879033,10398.68832,0.070475375,1
21.69785123,28.47599033,25.59834185,10141.14572,18380.0332,0.111888157,1
29.31666531,28.32021306,26.85158989,5856.07414,15878.84455,0.007223453,1
30.83503226,31.11531312,28.40222715,10317.46551,23210.30126,0.085945398,1
40.95154962,43.5294504,43.45902018,4995.072649,29929.26646,0.214065946,1
43.91242855,41.91233838,39.71736407,7407.431732,23674.07135,0.087363571,1
37.06429363,37.56707908,36.95909515,6584.757889,22435.41459,0.095232046,1
12.21974905,27.06076355,33.60399286,11567.93148,20551.39168,0.33277045,1
27.80431184,33.22643575,39.45714434,9473.034599,26846.2279,0.088836187,1
36.11561225,34.61573336,34.96477574,15054.09857,17127.52298,0.006200495,1
27.8910663,27.12194597,25.51641085,12233.737,19237.28273,0.051399733,1
25.02104453,29.52367633,29.31502261,8197.897623,21330.4943,0.193761491,1
20.61466549,21.58536344,22.83171213,18896.39219,19852.94658,0.021941943,1
40.96881591,41.24286255,41.05624983,9042.18584,19206.50497,0.009744705,1
20.58908257,18.13714175,16.21894208,10942.01977,14022.92576,0.071105396,1
27.06048935,25.43920858,23.62805856,16774.16429,24048.33692,0.037818602,1
23.17375086,21.0748129,17.79798774,15223.97081,22460.07467,0.047974768,1
25.84604388,24.26594951,24.40678504,12731.76514,24880.84969,0.078119843,1
33.8177146,36.29234275,39.11964053,4103.360659,27976.828,0.029082777,1
26.5322265,31.23995182,25.98869699,11222.95324,22729.61564,0.135534792,1
31.21622303,32.50884769,35.2228905,12727.08098,20814.39976,0.033059623,1
30.77373598,31.77007788,32.81228916,13376.16666,19961.97306,0.011025034,1
25.82120703,26.27173451,24.35480009,15630.15641,26065.48798,0.079949173,1
15.23422021,35.76040265,44.79916135,4761.122173,33600.22589,0.306451623,1
32.41949178,32.07344524,28.89061691,12706.29461,20930.7834,0.052865434,1
39.55569187,38.95973142,36.40031029,5664.471389,20562.47342,0.023201989,1
34.62398477,37.71077021,37.84699746,7026.476691,24112.2072,0.050234501,1
43.84332411,45.1415415,45.82134783,867.6876496,34043.59431,0.001345432,1
25.76346525,26.97474235,26.16025717,17940.68414,21147.85063,0.123911184,1
17.70709308,32.74889401,43.19753969,7068.104626,34216.9533,0.255476786,1
22.37562742,26.83979336,35.09991701,10843.18191,26676.94909,0.107579906,1
30.13722265,42.70179174,36.70011371,10712.96344,24681.86249,0.336529755,1
30.53662893,32.43092267,26.93362742,10474.90667,24424.23262,0.109096215,1
23.80113276,26.61830605,28.5355062,14544.3391,19622.7445,0.026912596,1
37.01668562,38.77841257,37.64327036,12306.03891,19400.9457,0.041521736,1
33.81763988,39.88806073,40.21081801,4784.663926,28450.05864,0.039514658,1
26.75983632,30.9390481,32.33611266,12185.86641,22712.72997,0.230208011,1
29.18403973,30.22372688,27.06498407,12360.87244,19905.68171,0.019336017,1
12.34894672,38.57713227,32.31231406,6580.532322,26762.87169,0.35871078,1
15.80400348,18.08307457,21.46549444,13932.11881,15957.92679,0.125999027,1
26.75390797,26.49786783,26.72287954,16568.15997,17394.29686,0.009863958,1
37.07830542,43.36903945,40.45620867,3100.386841,27660.00452,0.111342628,1
34.76910352,35.19645199,31.38404703,8005.730238,24263.49779,0.059931359,1
31.26389648,31.33776932,30.91383637,10124.00892,22844.16876,0.106020352,1
29.4647122,28.94925769,23.96688478,15526.00023,18962.42654,0.04812793,1
35.80614464,35.83359431,34.30626457,11237.37545,24641.64895,0.100789079,1
18.29379688,20.43152083,23.20236458,16157.02609,26963.10413,0.119901284,1
16.2699687,28.46483786,33.96036535,9925.628407,21555.62789,0.220608104,1
32.11388914,34.59358715,31.09185686,11576.38393,16901.90433,0.158824172,1
20.35252229,19.32011358,20.48576378,13106.60449,18138.14885,0.061996786,1
31.83406996,33.87621848,37.81488432,10859.53643,18814.64506,0.220038954,1
18.28512477,30.04462799,39.07698587,8039.278477,25475.45458,0.220456746,1
21.02918971,27.47276734,27.28177699,8232.176678,15210.75372,0.086081392,1
42.76100002,42.4175086,40.07026229,15343.90657,19369.64574,0.042733856,1
33.75489375,35.07981495,33.1020242,7151.645231,24750.92095,0.219519355,1
31.8174227,29.12409406,25.50271988,9835.772995,20698.53633,0.110189079,1
34.73435406,40.51826641,38.80949075,5324.133734,27366.53256,0.061716301,1
27.4374757,28.07110562,29.69091065,15655.92507,18921.79741,0.023202173,1
25.67545637,25.67545637,25.67540397,17407.70208,17860.04014,3.42E-10,2
28.95633722,29.39493492,29.80548319,15218.64687,16316.97496,0.087389733,2
11.95429955,11.95621571,11.95189472,20402.16624,21750.28679,5.55E-06,2
45.42255725,45.42255725,45.42255725,14463.64374,13715.73208,0,2
6.010257194,6.010257194,6.010257194,23042.75938,21480.97634,0,2
16.59574628,16.59624976,16.59659797,18593.14829,18769.7393,1.11E-08,2
7.296915189,7.321902155,7.3418057,21054.54811,19208.0168,5.89E-05,2
18.27619048,18.27619048,18.27619048,20030.89244,19548.60299,0,2
12.63287385,12.77394228,13.4000901,18409.7352,18420.75663,0.006523693,2
2.311107155,2.302704333,2.072698815,24942.60845,26319.47456,0.008571228,2
7.888598338,7.891534626,7.896498615,21803.27299,22290.55646,2.01E-06,2
30.91109878,30.91219941,30.91338328,16989.18509,15901.78409,2.12E-08,2
15.99514844,15.99514844,15.99514844,17284.48551,19390.28764,0,2
21.19185136,21.25703683,21.54804584,17794.56099,16798.54847,0.002786134,2
26.1912963,26.1912963,26.19129012,12770.40505,13807.75509,3.01E-11,2
7.676893004,7.676893004,7.676888889,21823.09252,23179.11228,6.06E-13,2
11.32588477,11.32807819,11.33166667,20223.60246,17190.97355,3.42E-07,2
17.49814815,17.35864815,17.41761111,14907.94898,15163.84303,5.13E-05,2
31.45553721,31.62383899,31.37421307,23413.9682,19777.06246,0.00200612,2
25.69969444,25.18309722,24.74799074,16940.8251,20565.52393,0.013337975,2
16.67101118,16.64383181,16.65503406,19826.61748,14542.71511,3.78E-05,2
34.95878212,34.94256425,34.94743008,19067.41476,22464.61732,0.000412163,2
36.83600056,36.83537199,36.83556668,15390.67376,15580.55188,2.12E-06,2
41.37439154,41.37722393,41.38186842,14837.06752,14388.51526,3.16E-06,2
3.903518439,3.894765749,3.89596757,22888.02421,21551.87673,0.000498608,2
24.73869894,24.73135214,25.04126163,14798.67291,14906.94413,0.000728906,2
15.35122214,15.35122214,15.35114435,18387.29189,14165.97873,1.96E-09,2
35.84721458,35.77989749,35.85155251,15109.91512,23931.81294,0.133554876,2
35.45392201,34.47723258,33.95586877,17880.74897,18545.81882,0.013050578,2
48.77034,48.7372462,48.76517483,7914.724492,28348.21949,0.052628965,2
5.981103149,5.969653729,5.974355573,21899.35086,18050.1456,0.000500179,2
16.46866595,16.42647796,16.70258164,20215.64234,20466.92243,0.102432866,2
19.39406459,19.67086727,19.7284869,15780.4134,21509.18425,0.015652432,2
33.66148692,33.39105997,33.23108731,15957.79272,15892.03085,0.000973032,2
21.13236866,21.47311598,22.41084788,19754.65204,18009.39099,0.021212233,2
4.895506474,4.895506474,4.895277989,22143.61529,20545.48058,8.90E-08,2
12.71412873,12.48917099,12.34230225,21403.42627,18975.6753,0.007919936,2
13.86286222,12.90048415,13.83141884,20528.05696,19364.22802,0.046290231,2
16.05692495,15.63188126,15.63851725,19231.91095,22335.38392,0.03148033,2
12.60635885,12.5629924,12.70760374,21276.5745,25522.46432,0.036501415,2
14.59080413,14.01417273,12.54961751,21159.69832,21401.33215,0.059953903,2
15.28440372,15.49458498,14.19688722,20045.23525,17735.17488,0.015465684,2
10.2513524,9.848642581,9.565693033,22452.71116,15797.69499,0.030753442,2
45.94865223,45.94865223,45.94865223,14006.47569,16438.71604,0,2
7.367716702,7.367716702,7.367716702,25044.70957,16894.14117,0,2
17.49961852,17.37401353,18.33944175,19880.55399,20504.77706,0.007495571,2
24.28361462,23.55590034,22.14443106,14516.99057,18054.1832,0.018205383,2
29.61627997,29.61946311,29.62468273,15220.71226,15923.34868,3.94E-06,2
15.73754241,15.73956213,15.74297436,19877.21436,14622.77313,1.77E-07,2
10.77682596,10.48226986,10.5534783,21019.52847,17565.24798,0.023627572,2
25.93487304,25.93487304,25.93487304,17899.9959,18234.43011,0,2
10.04454941,10.04664427,10.05017787,23051.38676,17346.22786,2.58E-07,2
9.193827947,10.87759725,11.21415729,23370.27095,15865.86025,0.077189013,2
20.49726279,20.52584244,20.39569293,17897.47442,16210.84616,0.000704534,2
35.1408313,32.63137566,31.76117799,16562.46543,19358.27983,0.044505811,2
25.42629833,26.05789146,25.26428191,17141.17169,20352.20973,0.025091161,2
11.75292052,11.75292052,11.75292052,22753.24365,19898.16059,0,2
33.85043352,33.83025193,34.02572398,14548.43874,13649.13501,0.001308221,2
17.93195437,17.93195437,17.93189354,19713.8736,17541.11712,6.35E-10,2
23.38451445,23.38451445,23.38451445,19058.82091,13743.7936,0,2
23.93576868,21.72323967,20.74722366,15799.15967,18080.81928,0.055661009,2
29.52529378,28.71004487,28.37582032,6246.557315,20732.38393,0.003795626,2
34.83483166,34.88283489,34.68107839,17579.24375,19345.82139,0.005802157,2
17.19969487,17.20133495,17.19945172,20385.31958,16737.64244,3.67E-07,2
24.02524956,24.0275137,24.03112442,19381.04153,21532.76401,8.61E-08,2
10.74525345,14.28975215,15.21873917,18571.04506,15709.99735,0.102589485,2
32.8608656,32.90550589,33.11290885,16672.11026,20310.93871,0.003290791,2
14.31697615,14.92689745,13.04609367,18837.19383,16590.31046,0.027378744,2
19.17267934,19.50357032,19.6637738,21024.04549,19273.89106,0.015378604,2
7.732377277,7.54712918,7.514696462,21143.72601,20198.87887,0.008794267,2
32.09765714,30.16859523,28.38748144,15615.64755,20023.61361,0.037024339,2
9.638771788,14.06615558,18.80562168,18670.28425,19816.48143,0.237728546,2
15.46318509,14.32919333,14.31018778,16780.35266,20258.24255,0.011099215,2
15.96829088,15.96829088,15.9682632,22508.02463,19758.0437,6.08E-11,2
17.0127877,19.91136101,20.7849912,18957.02088,16742.23205,0.020914892,2
43.24039428,43.24039428,43.24039428,10383.52238,18786.92189,0,2
32.86389306,33.92506272,35.97705591,16615.81018,19150.01285,0.056826477,2
25.35773176,25.3593925,25.36166075,15292.50206,18385.58208,9.95E-08,2
31.39417476,31.39663746,31.40089194,16480.3538,16720.58972,1.96E-06,2
29.6057134,28.17968956,27.85886601,19674.99522,21105.19313,0.010006302,2
10.4155889,10.4155889,10.4155889,20443.83875,15077.15065,0,2
21.1462768,21.1462768,21.1462768,18287.14186,16727.20067,0,2
19.50220905,19.38419814,19.22436463,16631.67711,18045.75573,0.146620667,2
42.69384355,42.70716685,42.92190901,14962.62281,14433.3978,0.027899828,2
28.18049459,25.55021821,25.07082814,14169.10684,21771.24124,0.011050409,2
12.19470872,12.34272883,12.60718641,20352.68497,15502.67771,0.010121639,2
10.23705882,10.23705882,10.23687889,22664.92924,19276.18528,1.18E-08,2
40.49076253,40.49463326,40.50097313,14667.71316,14400.69855,1.29E-06,2
19.21317671,18.8978809,18.72967608,17808.49011,16369.49296,0.019565932,2
13.63691542,13.62754975,13.63295191,20870.05755,18636.26865,3.25E-05,2
7.582472752,7.572255187,7.577793208,23197.63021,17841.40953,8.48E-05,2
5.86089893,5.86089893,5.860803805,6957.154029,5615.571457,1.72E-09,2
15.10170199,14.99575451,14.92643467,22634.64044,19979.54766,0.003161907,2
31.41162372,31.36088459,31.42322214,15220.31346,23340.94749,0.131290121,2
28.54667557,28.61233867,28.70900589,16307.386,14948.86264,6.77E-06,2
30.97159377,27.0558173,22.10186556,15560.74293,18472.28506,0.136056299,2
41.78583719,42.95904553,43.10799448,13324.24155,15333.74266,0.076626059,2
14.0337713,14.01911019,14.03017145,20988.40342,19372.51892,9.19E-05,2
22.07536267,21.96586429,21.84704911,15256.4123,16153.51673,0.003031307,2
25.83768176,24.05949424,23.36029947,20215.97162,18841.72279,0.007835748,2
39.00621999,38.9651749,38.93644547,15097.17264,21757.4599,0.000131559,2
18.74037732,17.47818701,17.97494793,16734.43024,19376.95983,0.127796402,2
10.29926135,10.29926135,10.29923478,21894.58701,22474.63528,1.74E-11,2
42.94184645,43.40327645,43.79748108,13812.93737,26257.00663,0.001295186,2
29.66947983,29.62529885,29.93995009,13366.01759,21312.94033,0.000762143,2
34.7110978,34.79764028,34.97026599,16672.21501,15698.52867,0.107070226,2
16.61483616,22.84279486,27.95526065,18233.24616,23174.53759,0.239915302,2
32.73989096,31.69052588,31.35081599,18458.4165,17787.88842,0.009310955,2
30.28766313,28.6482615,27.45071532,19344.26704,22107.06968,0.042429887,2
46.73859736,46.82777352,46.31322013,12244.54265,15743.30084,0.004350364,2
11.2671104,11.2414007,11.56868752,19099.61938,29341.33417,0.142337799,2
28.78366887,28.78576311,28.78929566,15386.03162,15943.49295,1.83E-08,2
14.385775,14.27754,14.323445,20871.30622,12767.9327,6.06E-05,2
32.47909452,32.89282994,32.32266265,14420.85254,15329.69011,0.002835474,2
3.385147651,3.372892617,3.45195302,21412.39048,14909.52573,0.002481552,2
13.24959096,14.73901202,14.1558802,22302.58316,21132.21241,0.105317472,2
19.25516129,17.81922368,16.804518,11819.34791,14121.82457,0.045360185,2
8.65987,8.65987,8.65987,23512.04689,20104.22765,0,2
8.626698272,8.626236049,8.627030123,21321.18567,24746.16226,0.00014197,2
14.25087815,13.94770618,15.24299106,8004.155261,11050.78383,0.027581499,2
16.74162483,16.64641117,16.57007923,19440.80102,17183.52469,0.000760467,2
31.63853362,30.38515968,28.71012299,14417.99525,20026.24106,0.015027599,2
26.81119636,25.53863604,28.27401161,13848.00036,17698.38888,0.036798208,2
15.19333096,16.65250188,16.41023298,16151.96375,21682.31455,0.066231626,2
10.70116323,9.823747573,8.778281549,21324.13794,19565.73023,0.076143701,2
25.77981259,31.08729217,30.12269132,16430.41968,20154.66562,0.060865536,2
31.73384635,33.09923649,36.71753693,9349.727956,23441.55841,0.293260897,2
3.537050869,3.537050869,3.537050869,21520.97695,18220.38431,0,2
11.04360814,10.53412075,8.05307073,19414.79995,18420.56243,0.117079086,2
21.33085256,20.13387274,21.69566296,17171.18626,19579.33156,0.068906102,2
23.84387188,25.92730731,27.45430911,15867.73598,19809.66692,0.029799962,2
20.2315415,20.2315415,20.2315336,12801.83817,14658.96151,2.65E-12,2
13.70376507,13.67674052,13.68228993,21458.03542,23341.63175,0.001343986,2
22.01054638,20.98679013,20.43905824,18310.63935,17195.63976,0.010426449,2
19.73511256,19.51444963,19.56224259,16521.70169,15286.3436,0.000195767,2
35.25955653,35.34732119,35.69952186,13396.41168,17384.15874,0.144602042,2
14.78336345,12.70080498,11.86481969,14055.5126,14831.47152,0.027580357,2
32.7250124,32.7250124,32.7250124,20236.26838,22805.61651,0,2
27.35850003,27.30141889,27.47987738,16419.90618,16630.48737,0.002763394,2
38.88400093,37.57456619,36.09017993,13350.54715,16775.3488,0.113602154,2
22.66287573,28.68801792,33.19340277,11753.62202,23979.87234,0.159813632,2
27.13833785,25.91675306,25.04534483,18418.20574,19189.16207,0.047532427,2
9.526230361,8.918579776,8.572876576,22523.71329,17314.79931,0.028585415,2
23.57398001,33.85538582,37.09925192,14943.94951,21575.65774,0.201377643,2
42.07648378,42.48159075,42.60875891,12531.11929,22120.74941,0.014838056,2
21.67662201,21.69368466,20.12945676,17009.07977,14795.54464,0.021788112,2
6.46825475,6.46825475,6.468085855,21782.35659,16543.55356,2.62E-08,2
28.77668799,28.4648769,28.19322034,20030.41464,21927.89325,0.008103076,2
19.56060218,18.85422086,17.67974193,17624.91472,25997.94964,0.154526929,2
30.04218864,29.96468367,30.41183344,17021.41044,20001.46049,0.009374765,2
18.17747952,19.21471299,20.97957412,19370.11364,17485.31465,0.043574977,2
32.80533739,31.76194678,31.47020813,17978.85622,15919.89849,0.068558826,2
24.51449682,27.83034335,28.92030593,15838.98388,16936.76509,0.125994803,2
33.93755698,33.66452373,32.72567728,16621.37121,21331.21884,0.002920644,2
38.70548678,42.16940883,42.95557835,7380.076646,26250.78509,0.12454995,2
24.19520842,23.60057591,23.231732,19178.7862,19299.9771,0.011754341,2
11.26346026,15.01417639,18.98284375,5342.362168,8259.220614,0.102282673,2
25.85686512,18.41708383,17.59112558,5232.548535,10918.818,0.201688223,2
37.68567699,42.79935525,44.57962501,4044.341454,25726.19701,0.009421121,2
24.68075227,25.2781053,28.79561087,11606.62977,26573.81375,0.11753338,2
29.29498937,29.37439452,28.43299332,16196.48514,20713.23644,0.122134095,2
35.60946241,34.53517283,30.34999081,14613.57763,22569.79778,0.042329304,2
41.25393569,41.24323411,41.38010108,13086.59254,18494.12946,0.048654265,2
22.62242177,21.46612314,20.89843775,14704.32576,23348.29489,0.005589635,2
22.215005,22.215005,22.215005,16911.17784,18823.00829,0,2
31.61130895,31.30525489,31.18166634,14686.02421,16615.00721,0.034763262,2
40.98463578,40.98463578,40.9845979,15643.57446,18487.86864,1.73E-09,2
15.41217877,15.17287345,15.63077969,20486.56094,19393.7914,0.000774292,2
36.02917942,36.2582601,39.21921102,12004.63623,21297.09784,0.160775813,2
20.75537482,19.8539834,19.77439128,18412.63172,20818.83649,0.187087816,2
30.06274073,28.47628015,27.4845768,15834.50562,20113.46421,0.095428753,2
32.95924762,32.95924762,32.95923109,17292.03201,19095.33531,6.97E-11,2
43.51148173,44.08043349,45.62767006,4472.938428,26639.37776,0.004129501,2
35.32948911,36.35517046,36.79319649,9611.447442,21580.50332,0.023559746,2
31.98691331,32.39410915,33.84597002,5279.315422,15796.76989,0.002105245,2
42.71915235,42.72779307,42.70885444,13908.13382,25292.51583,0.049796433,2
26.44207645,29.63197615,31.40698032,16088.53025,27827.91912,0.115688301,2
26.16680613,24.81342868,23.6931851,19363.08518,18062.09569,0.023232288,2
35.11923242,35.48708828,34.38434648,13509.66944,19297.91831,0.053280378,2
38.70015673,37.07463738,34.59756814,14033.89654,16928.7806,0.050949272,2
11.09028852,11.09425193,11.10075104,21073.19153,18420.69,6.54E-07,2
28.08940186,27.53855567,27.44479841,15164.24878,17091.98359,0.002749919,2
15.56516982,15.53188838,15.52515154,19421.90287,19566.75603,0.000249723,2
25.41240801,25.47945887,25.49078695,19718.8854,18237.65595,8.03E-05,2
20.1260235,22.00890788,21.55993434,13389.7442,16524.45522,0.008467811,2
21.10184726,18.26683065,16.32084688,19317.60886,16550.9485,0.087848163,2
33.22037602,32.54968424,30.81911838,15312.6279,19856.98728,0.041874986,2
32.72665664,31.25389846,30.26233216,17534.77229,19584.83706,0.013972408,2
30.2936088,28.82720591,28.74611781,17805.58228,21070.6669,0.053597568,2
31.56769935,28.98268068,26.7659352,13420.09927,19467.02121,0.021760595,2
29.07683375,28.05371303,29.99296669,14218.7501,16921.43963,0.140989449,2
16.97859174,16.97859174,16.97850348,19148.01022,18057.55427,1.03E-08,2
13.54155647,13.54096805,13.54139196,20087.39445,16195.77605,9.75E-08,2
40.77491525,38.76415958,37.38932208,10988.72276,23580.20749,0.107020799,2
17.69130104,17.74377855,17.72483737,17361.55181,14252.89488,4.68E-05,2
38.26487157,37.744686,37.03615504,17022.73052,17528.35825,0.021237238,2
25.95047273,25.98298723,25.89206066,17849.52411,16776.69707,0.013542133,2
9.053771368,9.053771368,9.053771368,11757.12836,9835.435867,0,2
35.23658372,35.80406241,36.65418882,12772.84423,19933.65733,0.004499012,2
30.99607609,29.73320266,29.23793682,15724.26635,19507.44492,0.037301474,2
41.63318209,41.42394023,41.54077855,16055.1518,18672.14751,0.027835749,2
27.91762253,27.2962484,26.59337707,18213.08653,18616.51249,0.010455594,2
30.39018332,30.90126645,32.37894959,20292.97549,19497.60219,0.017588963,2
19.70682434,15.29188775,13.78541624,16477.37679,26888.61705,0.074743651,2
23.13609128,23.9343681,26.15777448,19959.91484,20181.45202,0.031778303,2
30.56729466,31.25490149,31.64350882,17925.53757,20171.97,0.020722271,2
24.37394553,24.10407721,21.47623068,14769.13107,19229.36725,0.023894044,2
10.93168634,9.874778119,9.975490479,21284.64885,23689.05872,0.019939448,2
10.38688599,10.32779186,10.49091868,13872.68447,14312.74516,0.032209955,2
14.13350321,14.3257363,14.71280198,8169.436154,8733.811917,0.002603318,2
16.14481481,16.13767196,16.14459503,20610.14459,18329.94205,1.46E-05,2
27.62344369,27.62344369,27.62344369,15324.55154,18662.9508,0,2
38.63884907,37.62795237,36.71599379,11286.05577,22234.71831,0.004020638,2
31.92554368,32.26712879,28.1817545,15384.81549,20254.82257,0.028042553,2
27.60636208,27.6441741,27.93162717,18689.85174,27133.18184,0.173836749,2
23.6253526,24.16173803,24.51446207,18595.15438,15977.84517,0.039316521,2
23.45729549,23.24609987,23.72220472,18034.58531,21050.09581,0.068984394,2
33.53730099,33.53730099,33.53730099,10327.98859,20693.82734,0,2
25.69634778,23.57037956,22.01604671,11808.7702,13918.70355,0.042133588,2
18.21889573,18.13708012,17.99035004,20130.34786,18238.54036,0.000148812,2
15.70584214,15.70649807,15.70717376,19881.71263,19008.52165,3.28E-08,2
9.164968498,7.27482399,10.11634857,17514.04417,18028.84303,0.072024382,2
41.41326383,38.25248319,33.68651489,7135.015425,17045.64028,0.122284557,2
37.7026753,36.66371978,35.99336891,16673.50649,16313.52585,0.046903195,2
22.01933355,22.01933355,22.01927609,21670.57732,17339.46588,4.69E-09,2
26.0565577,25.38833924,24.72461409,18251.00691,19521.72732,0.050059333,2
28.26916591,28.26916591,28.26916591,16134.29953,18223.90307,0,2
42.74591073,44.21661485,45.01232262,12556.21504,21855.08537,0.024199158,2
29.07493091,28.2354139,26.04690652,16498.23304,19900.23378,0.031643675,2
15.71656317,15.27861164,14.92503731,15629.72243,15579.93845,0.002158581,2
23.5998233,23.59467113,23.59666132,17971.79944,20195.91982,5.58E-07,2
15.15182066,13.59201467,14.80077827,20710.66166,16103.22178,0.045209099,2
29.33499662,28.23615673,27.82880793,15459.8097,18842.62076,0.062795451,2
31.10949435,29.73567089,28.85694753,11490.85882,18823.35698,0.013959486,2
34.97415228,32.26007284,31.54293599,16975.48757,17530.25577,0.153803579,2
28.45621234,27.73578733,26.75399711,14750.51271,17712.61531,0.030676302,2
42.56503423,41.03731032,40.05632511,10314.71283,24711.18333,0.040955642,2
26.58450078,27.70197044,28.53551604,14827.05271,20660.49241,0.098300748,2
26.01239994,28.72948795,30.41318087,20292.33028,19108.46152,0.130556085,2
23.01327339,23.00700956,23.4096406,14158.65078,15537.53082,0.000608156,2
37.47853271,38.61002517,37.80186566,11099.45325,16166.98922,0.028273068,2
24.33064514,23.89648757,22.92397653,17422.11695,17043.65672,0.017321526,2
46.57891229,46.60403402,46.28703443,13141.48498,17733.7835,4.68E-05,2
25.89105312,25.2931746,24.19510903,16172.59901,18343.06603,0.019733249,2
39.07102916,38.89521838,38.95702471,16116.32579,17390.66063,0.001785912,2
27.37164161,26.85499836,26.52001578,20871.91227,22095.84134,0.0337044,2
24.95444514,24.84598613,24.17756036,13015.98888,16489.27727,0.003293016,2
18.98787338,18.19967144,17.59943247,20349.56995,23173.72414,0.045741919,2
33.38834727,31.18126843,28.50264403,15851.24878,19700.09294,0.057213333,2
44.90648119,44.88513632,44.89226323,14593.72184,18442.2208,0.002107767,2
34.6766401,32.45910047,25.61845045,9943.262852,21105.58633,0.191734415,3
38.70471706,29.44865235,12.34034605,12382.84581,24856.89964,0.289416152,3
47.46896656,43.71709442,24.7008382,12951.70506,32223.94682,0.156113076,3
42.58412623,34.1463787,15.8770572,13444.97312,26720.83526,0.331884792,3
35.66552532,29.05168553,23.12043711,12865.94189,24858.77885,0.144349351,3
41.8135317,41.29854477,38.9693422,12296.22598,22937.0868,0.197594259,3
46.09702546,41.59492388,23.41405242,13914.01776,26702.39642,0.279689739,3
33.68628979,30.02204541,22.48806362,8985.072664,28743.85683,0.244971044,3
39.92362737,40.81738726,38.80478342,14432.06005,19132.9274,0.16769891,3
46.310215,46.282955,12.29772,16647.54227,18967.85689,0.334864375,3
41.74107736,37.79889724,23.35427685,7766.097512,23993.58519,0.214334504,3
40.23501046,35.20045676,24.13561386,9759.830241,26033.63412,0.236562709,3
33.36889915,31.94018019,26.86443215,9110.856885,24072.46568,0.212393863,3
47.54353705,44.13023256,19.55100054,10868.8448,25855.55839,0.240327832,3
25.55338879,19.23181345,15.4346633,12191.89389,24895.17614,0.177565651,3
28.20307601,28.55252687,7.24679089,8213.340986,22755.02574,0.389818928,3
44.24542468,41.08176562,39.26877303,7495.325526,24991.55684,0.076949644,3
14.60829025,14.48629932,9.308072562,17737.68636,27292.80823,0.318781435,3
22.88577875,29.54923016,31.81814764,13939.16513,26283.63072,0.216563308,3
42.14449486,36.28007628,11.42794224,13302.15867,24994.84667,0.376388961,3
25.68275527,26.65486136,17.78117713,13032.06717,23731.62523,0.226367066,3
36.23717499,32.46447373,28.63232644,9227.565374,23969.64725,0.193418861,3
23.92901672,38.55746067,42.8805722,9135.835164,27200.50281,0.311572669,3
41.32660627,41.04308039,32.69910983,11565.80135,25385.77329,0.27616599,3
44.76684772,43.64861758,42.67142845,12791.35148,16940.96436,0.253121038,3
40.59315708,39.96533603,35.52604296,10070.65205,23757.21671,0.253633508,3
34.98606543,36.54089902,34.01308634,12319.07765,20158.53271,0.144901264,3
45.76066495,36.41547595,1.966455571,5558.275005,14327.05185,0.418598807,3
46.27414679,29.50015335,20.25223256,4945.284038,35498.54463,0.200523209,3
38.88680432,36.30060915,5.126727582,8989.791543,12924.54121,0.342371481,3
41.66787543,38.9509872,35.54136551,9998.120789,27589.36631,0.286614606,3
42.38750136,38.35332197,32.57260942,4584.368066,25324.2713,0.283391299,3
43.9263145,39.24334859,36.74324489,9139.569176,27092.87808,0.059966041,3
43.38285057,43.37772742,43.38824302,15058.33953,15246.54605,8.12E-05,3
39.08134127,35.29302326,27.30751758,12785.00014,19771.21472,0.340524218,3
41.97014602,41.97014602,24.97360736,13157.65975,22107.1481,0.299464189,3
37.52655489,39.91357491,34.50589508,3126.166655,26276.8533,0.060398674,3
48.58180247,43.00346296,31.32435185,8798.746521,32363.7113,0.2396725,3
39.50737412,28.68332434,30.60930872,14151.26277,25157.13995,0.201028598,3
36.54478863,32.39712884,32.93518874,13156.63737,21926.38182,0.129291708,3
40.00188009,37.24539276,32.86705409,8975.853155,26675.67561,0.125912451,3
25.3806079,20.35615964,10.7960555,12059.38617,21248.94468,0.209003121,3
25.43234607,18.72804497,18.8609926,13041.81416,17959.44159,0.184158157,3
13.6489021,16.83895059,12.94982845,20352.00261,21627.20943,0.060782164,3
43.48459795,41.84260586,41.17913929,14721.35737,21991.81353,0.046649347,3
39.19629927,32.18282466,10.9484768,14953.72827,22819.98723,0.399527821,3
30.52703389,34.15588966,22.01026578,11349.12179,21126.93747,0.299085591,3
38.14742298,34.31678919,34.40442009,6752.276738,22501.13152,0.179362201,3
42.03561331,42.13568242,28.84093566,9997.010049,24177.1448,0.323273073,3
44.48648411,40.32854368,33.25404992,6894.704141,27104.99727,0.282529224,3
45.53415685,41.00526919,22.44570322,10538.18811,24870.27941,0.240308319,3
46.22499624,44.03442381,39.49992967,5844.664475,30092.66904,0.237663193,3
40.12719296,38.33123933,37.30214724,9565.872127,23176.39728,0.085067912,3
13.62884156,16.65742129,18.68522251,12970.42959,15477.40801,0.21609005,3
34.83507149,31.94933562,32.08367622,10468.22494,19950.90874,0.05498853,3
25.5647377,15.9618172,8.918766901,8270.668732,18836.24546,0.316727005,3
26.17808995,26.18559437,20.23743108,9492.8254,20717.1772,0.229988854,3
32.32243635,41.04479584,31.36451084,13824.96199,25365.76433,0.160011665,3
23.91381824,21.15375142,14.13892339,15453.07181,24098.2002,0.293117818,3
42.76575283,37.52786151,34.09548276,8035.252028,26121.15884,0.070317524,3
43.66941061,37.33803783,24.0342714,11037.13863,25206.16702,0.192795091,3
43.58497613,44.61889237,45.74778714,10167.05713,21944.29781,0.088202393,3
47.11569257,38.76978458,11.11071788,14035.32528,29104.73657,0.361906108,3
43.31735417,43.32090278,43.32681944,13931.60577,17590.1595,1.26E-06,3
15.97448324,23.12385632,31.82684189,10687.57003,26804.40343,0.140933598,3
32.51009407,28.84465377,22.32184847,10536.6013,21281.52242,0.150970841,3
42.33007571,41.98823756,40.34718624,13583.08218,20075.59253,0.094863761,3
38.43180242,37.22447535,36.38839568,13861.5475,17564.81769,0.035015826,3
26.19718422,35.48603565,37.08499524,5078.755541,22168.57647,0.178262803,3
46.59090976,42.70400052,41.35608721,4994.626885,30356.7999,0.282055298,3
49.3197071,48.04104097,42.18127053,6324.018724,31627.57371,0.251822244,3
30.6613568,31.73673465,22.00689029,12299.57781,21529.60633,0.242705348,3
36.66425197,39.01110225,41.23112064,5428.668582,26744.8709,0.296752602,3
30.95616776,25.10041632,18.92711711,13873.25252,24217.00178,0.178909533,3
43.29008506,40.38320574,20.71128655,13565.49356,20716.14643,0.33341836,3
45.7712013,44.00230692,31.2310627,13340.77826,26867.30947,0.142065741,3
31.52153578,37.43611305,35.82542855,7402.241907,24847.13781,0.021662838,3
30.04003628,28.44503581,27.84402773,14043.62639,18854.59481,0.072065647,3
27.65652963,21.29048803,19.44774789,16251.10982,21114.29282,0.21561576,3
46.69323959,44.15132504,31.37977285,10538.89464,24989.62939,0.26068934,3
27.25533889,24.46008998,22.16765444,9933.878452,18165.59816,0.113536511,3
48.99295074,47.1669413,42.98044798,9379.42828,29035.3571,0.236434966,3
11.2764367,18.3645821,29.99965265,10952.23394,20970.07894,0.269533585,3
43.7324417,43.7324417,16.27637174,14815.37316,20442.84722,0.289191132,3
36.38390226,31.86222142,27.98499486,10944.57479,22245.65288,0.068996465,3
29.26237589,26.76753972,22.66972295,12520.31027,26360.79038,0.256499103,3
34.94871695,36.51190363,33.98665557,12277.69438,20197.7485,0.144628822,3
46.49002668,35.98824,16.74107914,13593.54089,27324.37183,0.524531066,3
43.97743315,42.3676957,42.10862621,7597.579086,20821.92035,0.203303709,3
47.74133304,45.38113312,41.38103668,12221.81138,25300.93269,0.2903466,3
26.79950195,22.64678407,19.36946913,13422.36589,19525.88131,0.109230513,3
24.04935328,19.94674314,17.08649327,16968.89354,20430.04116,0.063327637,3
29.59635515,22.62658424,14.58225481,12739.86602,28072.1839,0.331216413,3
34.21231907,30.71917376,25.010733,12745.66818,25479.67282,0.069302078,3
47.78312271,43.12247507,35.24767965,11506.51276,23805.16897,0.400148752,3
42.16338866,34.99826725,24.04886183,9931.344333,28670.90514,0.328419918,3
44.77373076,42.89700768,42.00381203,12454.99516,21261.58727,0.053336655,3
34.17801109,32.63732408,32.0184502,15614.22404,19066.49175,0.08542954,3
44.37020104,41.98372556,33.85381756,11607.63716,26628.60925,0.167389459,3
37.21742562,37.54242939,37.4395694,15944.52031,24191.48436,0.017120477,3
47.94738963,45.14938074,34.47924938,11299.50799,25658.30099,0.236741028,3
36.85810204,35.76873121,31.44461018,11717.35994,22538.26393,0.140663086,3
15.94191364,21.35762879,25.76190216,5756.110258,14846.00741,0.243357669,3
27.27335924,38.62416507,39.93072811,10813.54747,26995.41746,0.093190269,3
41.63546278,33.83766171,17.02636335,6385.769068,28978.96959,0.236808925,3
26.73108492,20.54477753,16.80098899,13869.25622,25072.13941,0.080115936,3
46.07898394,42.24073456,17.04394074,10102.57673,21060.38408,0.117893513,3
39.34191065,39.25914547,39.05704205,10787.72625,18254.101,0.121528334,3
18.43978473,15.24539341,7.070064396,10344.044,16009.67014,0.253989604,3
39.14550313,37.33076115,33.35461528,7061.572024,23754.80316,0.317576343,3
42.53540194,24.85593949,15.25746644,4979.870334,27736.70326,0.325147232,3
18.48882289,34.56374592,21.58299954,11664.98201,22763.00119,0.299879719,3
42.50248918,40.58756747,2.595769315,17031.08522,21230.3719,0.372674685,3
25.73707684,29.02627445,35.14579102,3895.43943,27100.1064,0.347474221,3
35.2077915,35.0447238,32.80587874,8693.049383,21725.07424,0.039719095,3
45.98089796,42.33067317,21.90284918,14480.13632,24843.12988,0.082809491,3
41.06582624,34.98549376,31.08161238,6786.699072,25281.51692,0.064049195,3
26.67037099,33.64467221,38.9864437,6308.565514,25501.10937,0.115607499,3
22.35881433,21.65632153,39.01242784,9986.362952,25952.98678,0.30036521,3
41.57235374,35.39545393,23.30641424,12911.19396,26551.29882,0.288605478,3
44.21564805,39.73854276,16.27655561,6808.088399,27706.32074,0.270149644,3
31.82873799,40.30519401,45.92788401,2888.37747,33901.64675,0.114797961,3
39.73791883,38.83284989,38.43094182,14291.22584,25285.93018,0.080947115,3
47.38987997,42.30337345,33.09634144,5587.364359,29820.75523,0.334937562,3
36.91088706,32.64867699,26.08465831,15391.92283,24485.01184,0.239855501,3
41.39992385,39.92572409,38.13327077,13717.27195,22769.89774,0.028614137,3
44.146792,28.49697381,11.16371186,6344.457094,27236.34748,0.381192718,3
31.9104828,25.36362807,23.95598221,6409.53154,19153.75886,0.140317198,3
36.02881433,31.24810995,27.34265527,12653.31811,21519.63688,0.13233313,3
42.11531771,37.74630584,28.20719493,7979.789449,23332.06295,0.073235142,3
46.93684921,44.68355556,8.772892857,13188.38727,21271.04053,0.23618271,3
45.19494364,43.90573429,45.36721999,6579.104339,31865.5899,0.419834075,3
31.64791889,22.44681041,13.86786787,17120.12732,26169.48337,0.281096178,3
30.514244,26.11114339,23.96571353,15168.19785,19325.26322,0.135954444,3
44.6407238,40.06700862,13.10981125,14369.84946,21099.77144,0.217579658,3
47.54353705,44.13023256,19.55100054,10868.8448,25855.55839,0.240327832,3
17.16710206,36.70188889,36.08053515,2756.614139,23505.82065,0.204497355,3
43.48491076,40.53153056,38.83266631,5692.238063,23564.62516,0.087469897,3
41.43014583,35.86622135,32.31908631,7182.185687,27031.37161,0.107027657,3
33.31859559,30.33300259,28.5722959,12491.45552,22894.85379,0.042408823,3
43.85158642,43.37125926,42.76348765,13986.17182,22285.88589,0.003084611,3
38.74655485,36.04865636,28.22514906,6827.789707,28124.49739,0.147169937,3
33.65667724,33.80404762,30.00872011,7474.654161,25861.43755,0.215298681,3
29.80583495,34.19105069,28.76440836,12878.45131,28283.47681,0.21141579,3
21.0002766,14.09461837,7.707992969,17399.89106,21995.83991,0.252865342,3
14.35658053,10.79194777,21.76349765,16149.00158,20779.9524,0.218944833,3
47.32109377,46.36676287,44.90637389,9854.697783,24486.66218,0.186896874,3
33.57459305,34.77642401,36.7923017,9972.015904,26856.77702,0.094269042,3
38.96456203,36.237853,27.53099491,10549.52905,26454.59249,0.091914095,3
36.23863637,31.14739218,27.50609335,13711.63301,23675.59212,0.096923538,3
43.27069844,39.54589473,34.84692828,6561.92061,21658.45378,0.151270925,3
32.95039834,25.11367933,24.21046519,9447.127683,24429.95746,0.226691279,3
30.53299402,27.12890172,17.30511976,2850.662531,18552.19467,0.269817924,3
34.79890952,30.12286798,26.052174,13525.0631,21506.06239,0.124905848,3
39.08889592,35.29838217,27.30905574,12776.40421,19783.72781,0.340519218,3
41.97014602,41.97014602,24.97360736,13168.19156,22118.2128,0.296597682,3
36.64186047,39.30481341,33.39113034,3641.382603,26524.20402,0.062400465,3
34.8098013,26.92336606,20.79374544,9003.866577,22345.28872,0.127700446,3
16.75448806,34.8433069,40.02855221,6162.610434,23411.85332,0.319264099,3
34.38596404,26.08820447,17.65001097,12823.53971,24654.19959,0.224937798,3
46.99533251,46.51134655,46.25420487,10596.48218,24006.70657,0.08401289,3
24.10399584,16.00606063,15.17717167,16065.37031,19181.24769,0.166068029,3
45.43621293,35.41589056,17.10336376,5154.318482,32400.18505,0.303227003,3
21.11646332,20.15107111,18.78591502,17931.30816,21616.33139,0.021678325,3
23.2257409,20.03697281,13.43788635,11071.00207,16634.39327,0.162464228,3
40.30946096,31.14958511,24.90969921,9892.329079,27593.54883,0.251455932,3
35.4939661,38.58190642,38.45942637,14877.62291,21149.51799,0.133957142,3
37.45735707,30.53480071,27.28031352,11643.31759,22760.55773,0.153702281,3
45.48071002,41.2086399,7.071743615,15188.14769,23147.20559,0.337286268,3
28.47565235,21.34412411,17.26002907,14103.10957,21935.96946,0.146933231,3
41.9270899,38.34960784,34.59708432,8573.682645,23967.97146,0.094673683,3
47.77491518,43.54830693,20.72196832,10462.95275,22128.92248,0.23899601,3
25.5647377,15.9618172,8.918766901,8282.076091,18825.45714,0.316581523,3
35.57836668,42.35424554,35.57836668,9818.517612,22430.9528,0.221530647,3
48.8370598,46.67743287,24.72426537,2289.305023,33290.71071,0.210583783,3
37.00116667,35.41469753,9.197080247,16560.96941,22241.54094,0.340521588,3
19.15289999,18.14092597,19.40469398,10147.71776,11925.18966,0.043930618,3
20.84543752,41.87638207,35.28683711,14863.33441,26158.04563,0.319930552,3
24.45654553,22.47290648,13.22583745,18043.917,30969.28671,0.174383242,3
42.22583137,43.45491303,39.80059335,1780.176227,30669.43017,0.088737252,3
15.51093528,21.47452168,25.79778822,9450.366203,20937.87474,0.30327028,3
33.72315496,34.23579494,21.40276682,11682.31367,22687.3839,0.116129933,3
47.21119983,43.96934094,27.70420363,6700.083281,27770.55493,0.098262779,3
35.25277082,32.83752729,30.05305353,9850.975409,18703.47479,0.048777695,3
37.79501186,40.39823753,39.41606059,8742.049318,28753.40351,0.111280019,3
40.19443003,36.12755097,23.65130438,2592.02506,25335.94149,0.272149,3
42.6490626,29.80343128,28.03265353,11977.16691,27359.77149,0.118491783,3
11.22202777,20.75598029,47.48774744,3765.496079,37443.40843,0.17217331,3
28.93040381,29.2262999,29.489154,7383.295676,16784.09304,0.095827384,3
46.69323959,44.15132504,31.37977285,10538.89464,24989.62939,0.26068934,3
42.25529879,34.26809087,32.89232106,1757.761877,28949.83469,0.041925769,3
40.49046837,41.6017781,39.3235063,13781.42658,26519.66627,0.132399358,3
40.28241652,39.27551809,37.47303617,7749.730213,20444.43316,0.223858278,3
23.47662155,29.16486787,35.5955633,13919.41964,25183.65526,0.219117514,3
26.44893481,24.2211753,21.61279023,9151.871067,15496.55095,0.04439292,3
27.86899984,22.91895446,18.66313122,14666.53419,21642.25287,0.162826322,3
26.80123879,34.25110076,35.80517411,7638.268512,25700.07032,0.278256331,3
31.18351344,37.70862432,38.58557755,12854.47523,21159.90525,0.230504578,3
44.80543765,37.17635793,26.90240772,3443.654578,30828.72517,0.255696402,3
41.72428852,34.39362065,20.75834083,8839.32621,26805.38648,0.198677373,3
44.67759462,41.24487394,41.63680471,6620.579238,26983.81525,0.305872463,3
42.33214548,37.94109063,36.66305826,9412.103536,27262.09676,0.368161606,3
37.08000919,34.4311006,29.29363881,10688.79754,24815.85059,0.100502834,3
42.22329894,36.2797311,15.06921092,10778.74182,22203.94252,0.199434113,3
41.66955111,37.4744186,41.11032991,7849.678528,20065.27368,0.374122796,3
36.00670633,33.78464035,29.06014062,11968.44546,21954.56605,0.181050441,3
22.02466198,24.46727961,34.91444024,7181.879422,25723.24192,0.124193021,3
29.95328165,32.84651005,30.45643796,11242.04131,21217.06409,0.060764911,3
44.55710494,44.11242593,44.2302963,12583.3583,23863.66809,0.415035504,3
40.32114908,39.79150637,39.42954962,14810.81717,19935.61499,0.10512699,3
30.79728725,33.84426735,30.91298807,9333.450207,21952.37147,0.203497255,3
39.55260217,36.19899266,22.65736279,10304.80674,25908.57392,0.203156536,3
31.29248052,31.96982158,29.78350853,7994.543691,17725.20267,0.008635779,3
42.87055108,39.72865089,41.0736619,4203.757849,28955.96519,0.151579373,3
42.38804893,37.73197139,35.45985717,10577.12751,22201.74363,0.243669254,3
33.06863747,31.66157011,32.63916402,12371.36254,22574.71737,0.010740195,3
45.80006767,45.25779699,41.97289474,11614.28986,20480.45374,0.140214521,3
35.25577558,24.67936959,20.50741905,11318.31991,23599.81732,0.134600514,3
49.26853806,47.07470065,41.40849821,1404.200065,38492.06796,0.181736801,3
27.06543261,27.08059425,27.71485386,7205.597055,26563.86638,0.291522409,3
45.36339048,42.55279668,39.02666255,1952.418765,31015.41093,0.09991975,3
48.17166197,47.48171127,45.47097887,13544.48636,23225.92244,0.169716508,3
42.48652511,41.4799316,38.12482942,6360.457036,24869.51987,0.119363773,3
39.82262761,40.4390875,39.27457705,7749.929041,22958.99557,0.209634787,3
39.04252918,35.70046452,30.3006385,11313.17827,23192.02582,0.08629061,3
18.84101499,16.00216324,15.20030059,16566.71058,21488.97368,0.025217776,3
28.72826007,31.71322022,30.28457315,11419.30283,24472.24365,0.071497027,3
47.24735735,44.37005999,40.97432396,7383.999482,27554.19028,0.028842716,3
25.98475574,27.51188875,32.77680801,11727.26734,22213.82809,0.335643212,3
48.78416442,48.59819894,47.81772737,7165.90961,25431.09269,0.173742592,3
47.54353705,44.13023256,19.55100054,10868.8448,25855.55839,0.240327832,3
37.10346593,33.58111899,31.51278944,14554.57936,22889.94036,0.056548258,3
39.51161501,30.25790583,12.43556009,13723.10304,27098.9078,0.332010448,3
37.83908353,34.54504838,32.38790113,11578.62057,20456.58663,0.077325696,3
37.52646722,30.93178043,16.76254348,15309.90455,21656.39273,0.230068205,3
20.45040066,15.51007991,13.55334374,6090.123856,10590.24728,0.127836056,3
40.16191654,33.99392671,15.61744337,15342.15239,24748.0571,0.187069035,3
41.71378224,39.71827346,39.22572898,11966.91999,21070.55899,0.146080445,3
36.77176599,36.18736613,35.44958816,13319.10813,21176.14809,0.00918903,3
30.20940655,27.68895825,26.64249824,17730.34889,20237.90859,0.026621519,3
26.01803012,28.80334001,15.35636732,14565.93476,22226.06814,0.272490804,3
41.05783768,37.24219988,33.83642892,3681.44583,30625.25031,0.173794009,3
34.55059395,38.99463337,39.25673044,5092.750687,31206.20713,0.213749231,3
39.08134127,35.29302326,27.30751758,12829.16869,19693.05806,0.340463706,3
41.97014602,41.97014602,24.97360736,13168.19156,22118.2128,0.296597682,3
32.06265545,24.73843926,19.20956654,13717.71435,27850.73195,0.217686825,3
42.63121093,40.00511436,38.70530539,13933.99098,21658.26053,0.159609519,3
39.61445675,35.59737527,33.4258355,13555.37463,20607.51068,0.200455142,3
29.87023949,18.98804089,6.856982579,16531.08374,24795.73367,0.359644347,3
46.24465474,37.37268786,6.12669505,15145.34723,25788.09887,0.393437552,3